{"trained_epochs": 0, "ds_id": "HP1-RB", "wer": 14.524915275511486}{"trained_epochs": 0, "ds_id": "HP1-RB", "wer": 2.7500941383205726}