{"trained_epochs": 0, "ds_id": "HP5-FvM", "wer": 2.936442182506805}{"trained_epochs": 0, "ds_id": "HP5-FvM", "wer": 2.1264843965755316}