{"trained_epochs": 0, "ds_id": "HP3-RB", "wer": 11.545245005179124}{"trained_epochs": 0, "ds_id": "HP3-RB", "wer": 8.832504362594602}