{"trained_epochs": 0, "ds_id": "HP2-RB", "wer": 6.829070626653637}{"trained_epochs": 0, "ds_id": "HP2-RB", "wer": 3.8900674564393487}