{"trained_epochs": 0, "ds_id": "HP5-RB", "wer": 4.037542974834574}{"trained_epochs": 0, "ds_id": "HP5-RB", "wer": 3.8650460722096733}