{"trained_epochs": 0, "ds_id": "HP7-RB", "wer": 4.288751270912284}{"trained_epochs": 0, "ds_id": "HP7-RB", "wer": 3.600147887974859}