{"trained_epochs": 0, "ds_id": "HP2-FvM", "wer": 4.637721690088326}{"trained_epochs": 0, "ds_id": "HP2-FvM", "wer": 2.032207695355287}