{"trained_epochs": 0, "ds_id": "HP1-FvM", "wer": 11.798970299014142}{"trained_epochs": 0, "ds_id": "HP1-FvM", "wer": 1.798845031254306}