{"trained_epochs": 0, "ds_id": "HP4-RB", "wer": 8.035334996242117}{"trained_epochs": 0, "ds_id": "HP4-RB", "wer": 7.808772751533108}