{"trained_epochs": 0, "ds_id": "HP6-RB", "wer": 4.890365765057586}{"trained_epochs": 0, "ds_id": "HP6-RB", "wer": 1.1267135932158978}