{"trained_epochs": 0, "ds_id": "HP6-FvM", "wer": 3.8113437595254283}{"trained_epochs": 0, "ds_id": "HP6-FvM", "wer": 0.5633191868508054}