{"trained_epochs": 0, "ds_id": "HP3-FvM", "wer": 3.4831419248990727}{"trained_epochs": 0, "ds_id": "HP3-FvM", "wer": 2.05172636274817}