{"trained_epochs": 0, "ds_id": "HP7-FvM", "wer": 2.689233472524476}{"trained_epochs": 0, "ds_id": "HP7-FvM", "wer": 0.7154795025473494}