{"trained_epochs": 0, "ds_id": "HP4-FvM", "wer": 4.970454776790258}{"trained_epochs": 0, "ds_id": "HP4-FvM", "wer": 2.5355855204298656}